{"cameraMode":{"drawMode":0,"name":"Shaded","section":"Shading Mode"},"sceneLighting":false,"audioPlay":false,"sceneViewState":{"showFog":true,"showMaterialUpdate":false,"showSkybox":false,"showFlares":true,"showImageEffects":true,"showParticleSystems":true},"in2DMode":false,"pivot":{"x":-71.04766845703125,"y":-0.4599999785423279,"z":-18.019392013549806},"rotation":{"x":0.6481915712356567,"y":0.030812034383416177,"z":-0.026268113404512407,"w":0.7604130506515503},"size":0.4330126941204071,"orthographic":false}