{"cameraMode":{"drawMode":0,"name":"Shaded","section":"Shading Mode"},"sceneLighting":true,"audioPlay":false,"sceneViewState":{"showFog":true,"showMaterialUpdate":false,"showSkybox":true,"showFlares":true,"showImageEffects":true,"showParticleSystems":true},"in2DMode":false,"pivot":{"x":-36.18406677246094,"y":-21.198471069335939,"z":12.438468933105469},"rotation":{"x":0.654223620891571,"y":0.018144305795431138,"z":-0.015706155449151994,"w":0.7559320330619812},"size":78.76595306396485,"orthographic":false}