{"cameraMode":{"drawMode":0,"name":"Shaded","section":"Shading Mode"},"sceneLighting":false,"audioPlay":false,"sceneViewState":{"showFog":true,"showMaterialUpdate":false,"showSkybox":false,"showFlares":true,"showImageEffects":true,"showParticleSystems":true},"in2DMode":false,"pivot":{"x":28.730667114257814,"y":-1.1431941986083985,"z":3.287687063217163},"rotation":{"x":0.46597820520401,"y":-0.42609038949012759,"z":0.2736506462097168,"w":0.7255551815032959},"size":11.201571464538575,"orthographic":false}